TFID	GeneName	EnsemblID
ZNF515	ZNF515	NA
DBP	DBP	ENSG00000105516
DNTTIP1	DNTTIP1	ENSG00000101457
GLIS2	GLIS2	ENSG00000274636
BSX	Bsx	ENSG00000188909
NKX26	NKX2-6	ENSG00000180053
NKX63	Nkx6-3	ENSG00000165066
HMGIY	HMGIY	NA
KAISO	Kaiso	ENSG00000177485
RELBP50	RelB:p50	ENSG00000104856:NA
GR	GR	ENSG00000113580
MYF5	Myf-5	ENSG00000111049
PXR	PXR, CAR, LXR, FXR	ENSG00000144852
ERFTBX21	ERF:T-bet	ENSG00000105722:NA
GCM2FIGLA	GCMb:FIGLA	ENSG00000124827:ENSG00000183733
VSX1	Vsx1	ENSG00000100987
E2F6	E2F-6	ENSG00000169016
NFYA	NFYA	ENSG00000001167
PRDM12	PRDM12	ENSG00000130711
CLOCKTBX3	CLOCK:Tbx3	ENSG00000134852:ENSG00000135111
HNF1A	HNF1A	ENSG00000135100
ZNF816A	ZNF816A	NA
TFAP2B	TFAP2B	ENSG00000008196
GCM	GCM	NA
IRX3	Irx-3	ENSG00000177508
ZBP89	ZBP89	NA
LKLF	LKLF	NA
CRX	Crx	ENSG00000105392
TR2	TR2	NA
MYC	Myc	ENSG00000136997
ELK1PAX5	Elk-1:Pax-5	ENSG00000126767:ENSG00000196092
HSF1	HSF1	ENSG00000185122
TBX5	Tbx5	ENSG00000089225
TFAP4ETV1	AP-4:ER81	NA:NA
FLI1FOXI1	Fli-1:FOXI1	ENSG00000151702:ENSG00000168269
TAL1	Tal-1	ENSG00000162367
TWIST	TWIST	NA
FLI1CEBPD	Fli-1:C/EBPdelta	ENSG00000151702:ENSG00000221869
AR	AR	ENSG00000169083
PLAGL2	PLAGL2	ENSG00000126003
GCM2ONECUT2	GCMb:OC-2	ENSG00000124827:NA
HNF4G	HNF-4gamma	ENSG00000164749
CEBPE	C/EBPepsilon	ENSG00000092067
IRF5	IRF5	ENSG00000128604
SOX8	Sox-8	ENSG00000005513
FOXO1ELK1	FOXO1A:Elk-1	NA:ENSG00000126767
RHOXF1	RHOXF1	ENSG00000101883
TATA	TATA	NA
ONECUT3	ONECUT3	ENSG00000205922
PREP1	Prep-1	NA
SIN3A	sin3A	ENSG00000169375
ELF2	ELF2	ENSG00000109381
ZNF180	ZNF180	ENSG00000167384
CARRXR	CAR_RXR (Dimer)	NA
PPARARXRA	PPARALPHA:RXR-ALPHA	NA:ENSG00000186350
WHN	Whn	NA
RFX1	Rfx1	ENSG00000132005
ZF5	ZF5	NA
ERALPHA	ER-alpha	ENSG00000091831
FKHL14	FKHL14	NA
HFH2	HFH2	NA
WT1	WT1	ENSG00000184937
FOXC1	Foxc1	ENSG00000054598
SETDB1	ESET	ENSG00000143379
HOXB5	HoxB5	ENSG00000120075
RREB1	RREB-1	ENSG00000124782
RORBETA	RORbeta	ENSG00000198963
POU4F3	POU4F3	ENSG00000091010
POU2F1EOMES	POU2F1:TBR2	ENSG00000143190:NA
ZNF143	Staf	ENSG00000166478
HES5	HES-5	ENSG00000273529
SREBP1	SREBP-1	ENSG00000072310
HESX1	HESX1	ENSG00000163666
GFI1B	Gfi1b	ENSG00000165702
ELK1TEF	Elk-1:TEF	ENSG00000126767:ENSG00000167074
ZNF25	ZNF25	ENSG00000175395
ZBTB46	ZBTB46	ENSG00000130584
ZFP30	ZFP30	ENSG00000120784
ZNF396	ZNF396	ENSG00000186496
FOX	FOX factors	NA
MRF2	MRF2	NA
RFX	RFX	NA
AMYB	A-Myb	NA
ZNF131	ZNF131	ENSG00000172262
ETV6	ETV6	ENSG00000139083
MAZ	MAZ	ENSG00000103495
TEAD4ETV4	TEF-3:PEA3	NA:NA
HOXD12ELK3	HOXD12:Net	ENSG00000170178:NA
FXRRXR	FXR:RXR	NA:NA
DLX5	Dlx-5	ENSG00000105880
NF1B	NF-1B	NA
ZNF672	ZNF672	ENSG00000171161
RARG	RARG	ENSG00000172819
HOXA3	HOXA3	ENSG00000105997
ZBRK1	ZBRK1	NA
NANOG	Nanog	ENSG00000111704
E2F1ELK1	E2F-1:Elk-1	ENSG00000101412:ENSG00000126767
SZF11	SZF1-1	NA
ZNF155	ZNF155	ENSG00000204920
RSRFC4	RSRFC4	NA
ETV5HES7	Erm:HES-7	NA:ENSG00000179111
ZNF684	ZNF684	ENSG00000117010
TEAD4FLI1	TEF-3:Fli-1	NA:ENSG00000151702
ZNF749	ZNF749	ENSG00000186230
ZNF418	ZNF418	ENSG00000196724
SMAR1	SMAR1	NA
NET	Net	NA
MEIS1SOX2	meis1:Sox-2	ENSG00000143995:ENSG00000181449
DUXA	DUXA	ENSG00000258873
TALLIKE	Tal like	NA
ZNF214	ZNF214	ENSG00000149050
PPARG	PPARGAMMA	ENSG00000132170
ERFCLOCK	ERF:CLOCK	ENSG00000105722:ENSG00000134852
ZNF696	ZNF696	ENSG00000185730
ZIK1	ZIK1	ENSG00000171649
NR2E1	NR2E1	ENSG00000112333
OVOL3	OVOL3	ENSG00000105261
ZNF443	znf443	ENSG00000180855
MSX2	Msx-2	ENSG00000120149
LFA1	LF-A1	NA
ZNF701	ZNF701	ENSG00000167562
HOXB2PAX9	HOXB2:Pax-9	ENSG00000173917:ENSG00000198807
LBP1	LBP-1	NA
PITX3	Pitx3	ENSG00000107859
MZF1	MZF-1	ENSG00000099326
ZBTB3	ZBTB3	ENSG00000185670
E2F4DP2	E2F-4:DP-2	ENSG00000205250:NA
GCM2SOX15	GCMb:Sox-20	ENSG00000124827:ENSG00000129194
CLOCKBHLHA15	CLOCK:BHLHA15	ENSG00000134852:ENSG00000180535
ZNF431	ZNF431	ENSG00000196705
LUN1	LUN-1	NA
ETV2BHLHA15	ER71:BHLHA15	NA:ENSG00000180535
RORA1	RORalpha1	NA
BCL6	BCL6	ENSG00000113916
EVI1	Evi-1	NA
MSX1	Msx-1	ENSG00000163132
CLOCKBMAL	CLOCKBMAL	NA
HMEF2	MEF-2A	ENSG00000068305
ER71	ER71	NA
IPF1	ipf1	NA
ZNF713	ZNF713	ENSG00000178665
SRF	SRF	ENSG00000112658
E2F1	E2F-1	ENSG00000101412
MAFB	MafB	ENSG00000204103
ZNF642	ZNF642	NA
KLF	KLF	NA
SOX18	Sox-18	ENSG00000203883
HOXC11	HOXC11	ENSG00000123388
ERFEOMES	ERF:TBR2	ENSG00000105722:NA
ERR1	ERR1	ENSG00000173153
ZNF43	ZNF43	ENSG00000198521
HOXA9	Hoxa9	ENSG00000078399
FOXO3	FOXO3	ENSG00000118689
FLI1DLX2	Fli-1:Dlx-2	ENSG00000151702:ENSG00000115844
SMARCC2	BAF170	ENSG00000139613
DBX2	Dbx2	ENSG00000185610
AML3	AML3	ENSG00000124813
ZNF75A	ZNF75A	ENSG00000162086
ZNF883	ZNF883	ENSG00000228623
GATA3	GATA-3	ENSG00000107485
ZNF136	znf136	ENSG00000196646
COUP	COUP-TF, HNF-4	NA
TEAD4SOX6	TEF-3:Sox-6	NA:ENSG00000110693
ZNF79	ZNF79	ENSG00000196152
MEOX1	MEOX1	ENSG00000005102
ZNF480	ZNF480	ENSG00000198464
ATF5	ATF5	ENSG00000169136
SP1	SP1	ENSG00000185591
TGIF1	TGIF1	ENSG00000177426
ZNF479	ZNF479	ENSG00000185177
ETV2FOXI1	ER71:FOXI1	NA:ENSG00000168269
CCNT2	cyclinT2	ENSG00000082258
FOXD4L1	FOXD4L1	ENSG00000184492
HZF12	HZF12	NA
ESR2	ESR2	ENSG00000140009
ZNF732	ZNF732	ENSG00000186777
ZNF492	ZNF492	ENSG00000229676
ZNF80	ZNF80	ENSG00000174255
ZNF678	ZNF678	ENSG00000181450
SMAD6	Smad6	ENSG00000137834
MYBL1ELF1	A-Myb:Elf-1	NA:ENSG00000120690
ALPHACP1	alpha-CP1	NA
MEF2A	mef-2A	ENSG00000068305
AP2GAMMA	AP-2gamma	ENSG00000087510
TAL1BETAITF2	Tal-1beta:ITF-2	NA:NA
PET1	Pet-1	NA
ZNF323	ZNF323	NA
DUX1	DUX1	NA
DR4	LXR, PXR, CAR, COUP, RAR	NA
OSR2	OSR2	ENSG00000164920
NKX2B	NKX2B	NA
ZNF208	ZNF208	ENSG00000160321
CTCF	CTCF	ENSG00000102974
NF1C	NF-1C	NA
GCM1MAX	GCMa:Max	NA:ENSG00000125952
TFIIB	TFIIB	NA
ZNF335	ZNF335	ENSG00000198026
VDRRXR	VDR:RXR	ENSG00000111424:NA
ZNF100	ZNF100	ENSG00000197020
MOVOB	MOVO-B	NA
MEIS1	MEIS1	ENSG00000143995
HEY1	HEY1	ENSG00000164683
ZNF92	ZNF92	ENSG00000146757
ZNF691	ZNF691	ENSG00000164011
CUX1RFX5	CDP:rfx5	ENSG00000257923:ENSG00000143390
HEN1	HEN1	NA
NFIB	NFIB	ENSG00000147862
ZNF660	ZNF660	ENSG00000280661
CMYC	c-Myc	ENSG00000136997
LHX2	Lhx2	ENSG00000106689
NR2C2	NR2C2	ENSG00000177463
ZNF780B	ZNF780B	ENSG00000281601
FRA1	Fra-1	ENSG00000175592
ZNF846	ZNF846	ENSG00000196605
STAT4	STAT4	ENSG00000138378
ZBTB34	ZBTB34	ENSG00000177125
MTF1	MTF-1	ENSG00000188786
E2F	E2F	NA
ZNF707	ZNF707	ENSG00000181135
CFOSCJUN	c-Fos:c-Jun	ENSG00000170345:ENSG00000177606
ZNF324B	ZNF324B	ENSG00000249471
MEIS1HOXB13	meis1:HOXB13	ENSG00000143995:ENSG00000159184
ZNF647	ZNF647	NA
ZNF311	ZNF311	ENSG00000235589
ZNF124	ZNF124	ENSG00000196418
GLI4	GLI4	ENSG00000250571
PAX1	Pax-1	ENSG00000125813
ZNF257	ZNF257	ENSG00000197134
HNF3ALPHA	HNF3alpha	NA
PHOX2A	PHOX2A	ENSG00000165462
TEAD4DLX2	TEF-3:Dlx-2	NA:ENSG00000115844
ELK1HOXB13	Elk-1:HOXB13	ENSG00000126767:ENSG00000159184
PRDM9	PRDM9	ENSG00000164256
ZNF354B	ZNF354B	ENSG00000178338
ZNF521	ZNF521	ENSG00000198795
ZNF623	ZNF623	ENSG00000183309
TCF7L1	TCF7L1	ENSG00000152284
NFIX	NFIX	ENSG00000008441
NKX32	NKX3-2	ENSG00000109705
BCL11A	BCL-11A	ENSG00000119866
ZNF545	ZNF545	NA
HNF1	HNF-1	NA
EMX2	EMX2	ENSG00000170370
EZF2	EZF-2	NA
LMX1	Lmx1	NA
ZNF557	ZNF557	ENSG00000130544
ZFP91	ZFP91	ENSG00000186660
ZNF611	ZNF611	ENSG00000213020
GCM1ELK1	GCMa:Elk-1	NA:ENSG00000126767
TFEB	TFEB	ENSG00000112561
PDX1	PDX1	ENSG00000139515
ZNF282	ZNF282	ENSG00000170265
GADP	GABP	NA
ERFHES7	ERF:HES-7	ENSG00000105722:ENSG00000179111
ZNF570	ZNF570	ENSG00000171827
EBF4	EBF4	ENSG00000088881
OCT2	oct-2	ENSG00000028277
OTX	OTX	NA
NR1D2	REVERB-beta	ENSG00000174738
POU2F1FOXO6	POU2F1:FOXO6	ENSG00000143190:ENSG00000281518
GLI	GLI	ENSG00000111087
TEF3	TEF-3	NA
BHLHE23	BHLHE23	ENSG00000125533
POU2F1DLX2	POU2F1:Dlx-2	ENSG00000143190:ENSG00000115844
ZNF569	ZNF569	ENSG00000196437
NFKAPPAB50	NF-kappaB (p50)	NA
CLOCKEVX1	CLOCK:EVX1	ENSG00000134852:ENSG00000106038
ZNF793	ZNF793	ENSG00000188227
CETS1	c-ets-1 (ets1)	NA
POU3F2	POU3F2	ENSG00000184486
ELK1	ELK1	ENSG00000126767
ZNF233	ZNF233	ENSG00000159915
ZXDA	ZXDA	ENSG00000198205
TCF15	EC2	ENSG00000125878
ERFETV7	ERF:ETV7	ENSG00000105722:ENSG00000010030
TCF4	TCF-4	ENSG00000196628
POU2F1TBX21	POU2F1:T-bet	ENSG00000143190:NA
ZNF594	ZNF594	ENSG00000180626
SUHW1	SUHW1	NA
ZNF768	ZNF768	ENSG00000169957
CDPCR3	CDP CR3	NA
ZNF781	ZNF781	ENSG00000196381
HNF4A	HNF-4alpha	ENSG00000101076
JUNDFOS	JUND:C-FOS	ENSG00000130522:ENSG00000170345
SF1	SF-1	ENSG00000168066
AP4	AP-4	NA
RORB	RORbeta	ENSG00000198963
ZXDL	ZXDL	NA
ZNF582	ZNF582	ENSG00000018869
FOXD3	FOXD3	ENSG00000187140
TEAD4CEBPD	TEF-3:C/EBPdelta	NA:ENSG00000221869
CDP	CDP	ENSG00000257923
POU2F1SOX15	POU2F1:Sox-20	ENSG00000143190:ENSG00000129194
EGR1	Egr-1	ENSG00000120738
MAFG	MafG	ENSG00000197063
SMAD5	Smad5	ENSG00000113658
GCM1HOXA2	GCMa:HOXA2	NA:ENSG00000105996
ZNF595	ZNF595	ENSG00000272602
NGN2	Ngn-2	ENSG00000178403
ZNF44	ZNF44	ENSG00000197857
ZNF493	ZNF493	ENSG00000196268
ISL2	Isl2	ENSG00000159556
TLX	TLX	NA
RORA	RORalpha	ENSG00000069667
ZSCAN30	ZSCAN30	ENSG00000186814
ZIC1	Zic1	ENSG00000152977
SIX1	Six-1	ENSG00000126778
RARB	Rarb	ENSG00000077092
ZNF468	ZNF468	ENSG00000204604
NR1I2	PXR	ENSG00000144852
OCAB	OCA-B	NA
GATA4	GATA4	ENSG00000136574
TEAD4FOXI1	TEF-3:FOXI1	NA:ENSG00000168269
HSF2	HSF2	ENSG00000025156
STAT3	STAT3	ENSG00000168610
ALX4	ALX4	ENSG00000052850
POU6F1	POU6F1	ENSG00000184271
P63	p63	ENSG00000073282
PAX4A	Pax-4a	NA
ZNF334	ZNF334	ENSG00000198185
ZNF219	ZNF219	ENSG00000165804
ZNF799	ZNF799	ENSG00000196466
CACCCBINDINGFACTOR	CACCC-binding factor	NA
SP2	Sp2	ENSG00000167182
CEBPD	C/EBPdelta	ENSG00000221869
EN2	EN2	ENSG00000164778
SPIC	SPIC	ENSG00000166211
TEAD1	TEAD1	ENSG00000187079
USF2	USF2	ENSG00000105698
E4F1	E4F1	ENSG00000167967
HNF1B	HNF-1beta	ENSG00000276194
ZNF81	ZNF81	ENSG00000197779
ZNF787	ZNF787	ENSG00000142409
ZNF763	ZNF763	ENSG00000197054
HOXD4	HOXD4	ENSG00000170166
ZNF648	ZNF648	ENSG00000179930
TFAP2CELK1	AP-2gamma:Elk-1	ENSG00000087510:ENSG00000126767
ZNF775	ZNF775	ENSG00000196456
ZBTB33	Kaiso	ENSG00000177485
ZNF93	ZNF93	ENSG00000184635
FOXO1SPDEF	FOXO1A:PDEF	NA:NA
NFIA	NFIA	ENSG00000162599
DMRT5	DMRT5	NA
HTF4	HTF4	ENSG00000140262
NRF3	Nrf3	NA
SOX9	Sox-9	ENSG00000125398
YY1	YY1	ENSG00000100811
RORALPHA	RORalpha	ENSG00000069667
LEF1TCF1	LEF-1, TCF1	NA
E2F1EOMES	E2F-1:TBR2	ENSG00000101412:NA
HMX3	HMX3	ENSG00000188620
TEAD4ERG	TEF-3:Erg	NA:ENSG00000157554
ZNF853	ZNF853	ENSG00000236609
ETV2ETV7	ER71:ETV7	NA:ENSG00000010030
ZNF624	ZNF624	ENSG00000197566
HOXA4	HOXA4	ENSG00000197576
EMX1	EMX1	ENSG00000135638
ZNF841	ZNF841	ENSG00000197608
ZNF510	ZNF510	ENSG00000081386
SREBP2	SREBP-2	ENSG00000198911
ETV2HOXA2	ER71:HOXA2	NA:ENSG00000105996
NKX21	TFF-1	NA
IRX2	Irx2	ENSG00000170561
GCM2EOMES	GCMb:TBR2	ENSG00000124827:NA
ERFNHLH1	ERF:HEN1	ENSG00000105722:NA
MYCMAX	c-Myc:Max	ENSG00000136997:ENSG00000125952
RXRB	RXRB	ENSG00000231321
AP1	AP-1	NA
TFIIA	TFIIA	NA
CUX1HOXA13	CDP:HOXA13	ENSG00000257923:ENSG00000106031
TEAD4DLX3	TEF-3:Dlx-3	NA:ENSG00000064195
COUPDR1	COUP direct repeat 1	NA
FXRRXRA	FXR:RXR-ALPHA	NA:ENSG00000186350
ZNF600	ZNF600	ENSG00000189190
ZNF232	ZNF232	ENSG00000167840
ZNF293	ZNF293	NA
ZNF534	ZNF534	ENSG00000198633
TAL1BETAE47	Tal-1beta:E47	NA:NA
YB1	YB-1	NA
SMAD	SMAD	NA
HOXD13	HOXD13	ENSG00000128714
EGR	Egr	NA
PAX6	Pax-6	ENSG00000007372
NR1B1RXRA	NR1B1:RXR-ALPHA	NA:ENSG00000186350
ZNF546	ZNF546	ENSG00000281526
MYOGENIN	myogenin	NA
OCT1	Oct-1	NA
BHLHE22	BHLHE22	ENSG00000180828
FOXJ2HOXB13	FOXJ2:HOXB13	ENSG00000065970:ENSG00000159184
BETACATENIN	beta-catenin	NA
ZNF558	ZNF558	ENSG00000167785
CDX	cdx	NA
TEAD4HOXA2	TEF-3:HOXA2	NA:ENSG00000105996
HOXC8	HOXC-8	ENSG00000037965
ATF4CEBPD	ATF-4:C/EBPdelta	ENSG00000128272:ENSG00000221869
FOXK1	FOXK1	ENSG00000164916
ZNF583	ZNF583	ENSG00000198440
NMYC	N-Myc	NA
FOSJUN	C-FOS:C-JUN	ENSG00000170345:ENSG00000177606
GRHL1	GRHL1	ENSG00000134317
ZNF256	ZNF256	ENSG00000152454
RAX	rax	ENSG00000134438
ELK1SPDEF	Elk-1:PDEF	ENSG00000126767:NA
ZNF197	ZNF197	ENSG00000281709
GCMA	GCMa	NA
ZNF571	ZNF571	ENSG00000180479
ETV5ETV7	Erm:ETV7	NA:ENSG00000010030
DREF	DREF	NA
MGAPITX1	MGA:pitx1	ENSG00000174197:ENSG00000069011
LRH1	LRH1	NA
TEAD4DRGX	TEF-3:Prrxl1	NA:NA
ZNF629	ZNF629	ENSG00000102870
TGIF	TGIF	NA
NFE2L1	Nfe2l1	ENSG00000082641
ZNF390	ZNF390	NA
RAD21	Rad21	ENSG00000164754
ZNF630	ZNF630	ENSG00000221994
GABPAGABPB	GABPalpha_GABPbeta	NA
ETV2CEBPD	ER71:C/EBPdelta	NA:ENSG00000221869
ZNF31	ZNF31	NA
CREM	CREM	ENSG00000095794
ZNF263	FPM315	ENSG00000006194
GLIS3	GLIS3	ENSG00000107249
ZBTB7A	LRF	ENSG00000178951
CUX1TBX3	CDP:Tbx3	ENSG00000257923:ENSG00000135111
AML2	AML2	NA
VDR	VDR	ENSG00000111424
ZBTB40	ZBTB40	ENSG00000184677
ZNF275	ZNF275	ENSG00000063587
ZNF527	ZNF527	ENSG00000189164
ZNF18	ZNF18	ENSG00000154957
ZFP1	ZFP1	ENSG00000184517
RFX3BHLHA15	rfx3:BHLHA15	ENSG00000080298:ENSG00000180535
LXRBRXRA	LXRbeta:RXRalpha	NA:ENSG00000186350
ZNF226	ZNF226	ENSG00000167380
PBX3	PBX3	ENSG00000167081
PIT1	Pit-1	NA
HOXB2ETV4	HOXB2:PEA3	ENSG00000173917:NA
KLF16	KLF16	ENSG00000129911
FREAC3	Freac-3	NA
ZNF287	ZNF287	ENSG00000141040
ZNF605	ZNF605	ENSG00000196458
EKLF	EKLF	NA
TEAD4HOXA13	TEF-3:HOXA13	NA:ENSG00000106031
ZNF540	znf540	ENSG00000171817
FLI1DRGX	Fli-1:Prrxl1	ENSG00000151702:NA
TEAD4GSC2	TEF-3:Gscl	NA:NA
MYBL1ONECUT2	A-Myb:OC-2	NA:NA
BLIMP1	Blimp-1	ENSG00000057657
ZNF564	ZNF564	ENSG00000249709
ZSCAN5	ZSCAN5	NA
MEIS1ELF1	meis1:Elf-1	ENSG00000143995:ENSG00000120690
GCM1ELF1	GCMa:Elf-1	NA:ENSG00000120690
ZNF552	ZNF552	ENSG00000178935
NFATC2	NFATc2	ENSG00000101096
ZNF450	ZNF450	NA
PRDM13	PRDM13	ENSG00000112238
MTERF	mTERF	NA
ONECUT2	ONECUT2	ENSG00000119547
ZNF425	ZNF425	ENSG00000204947
IRF4	IRF-4	ENSG00000137265
ZABC1	ZABC1	NA
HEB	HEB	NA
FOXH1	FoxH1	ENSG00000160973
MGADLX3	MGA:Dlx-3	ENSG00000174197:ENSG00000064195
INSM1	INSM1	ENSG00000173404
POU4F2	Brn-3b	ENSG00000151615
FLI1BHLHA15	Fli-1:BHLHA15	ENSG00000151702:ENSG00000180535
E2A	E2A	NA
ZNF251	ZNF251	ENSG00000198169
HSFY1	HSFY1	ENSG00000172468
PRDM4	PRDM4	ENSG00000110851
ELF1	Elf-1	ENSG00000120690
ZNF2	ZNF2	ENSG00000275111
ETV5DRGX	Erm:Prrxl1	NA:NA
CTCFL	CTCFL	ENSG00000124092
CREB	CREB	NA
ZNF449	ZNF449	ENSG00000173275
BHLHE41	BHLHE41	ENSG00000123095
RFX3SREBF2	rfx3:SREBP-2	ENSG00000080298:ENSG00000198911
JUNDFRA1	JUND:FRA-1	ENSG00000130522:ENSG00000175592
ZSCAN11	ZSCAN11	NA
NFAT5	NFAT5	ENSG00000102908
ZNF154	ZNF154	ENSG00000179909
OTX2	Otx2	ENSG00000165588
FOXO1ETV1	FOXO1A:ER81	NA:NA
T3RBETA	T3R-beta	NA
ZNF714	ZNF714	ENSG00000160352
SAP1A	SAP1A (elk4)	NA
LHX3b	LHX3b	NA
ZNF498	ZNF498	NA
HOXB6	HOXB6	ENSG00000108511
ELK1EOMES	Elk-1:TBR2	ENSG00000126767:NA
NFE4	NF-E4	ENSG00000230257
ZFP41	ZFP41	ENSG00000181638
LHX61	lhx6.1	NA
FOXD4L6	FOXD4L6	ENSG00000273514
PUR1	PUR1	NA
TBX18	TBX18	ENSG00000112837
ZNF486	ZNF486	ENSG00000256229
E2F1NHLH1	E2F-1:HEN1	ENSG00000101412:NA
EP300	p300	ENSG00000100393
ETV5	ETV5	ENSG00000244405
HNF3	HNF3	NA
ZNF98	ZNF98	ENSG00000197360
GCM1FOXI1	GCMa:FOXI1	NA:ENSG00000168269
SMAD4	Smad4	ENSG00000141646
MNT	MNT	ENSG00000070444
PMX2B	PMX2B	NA
ZNF341	ZNF341	ENSG00000131061
PLZFB	PLZF	NA
P53	P53	NA
VIK	VIK	NA
ZNF117	ZNF117	ENSG00000152926
DLX6	Dlx-6	ENSG00000006377
BHLHA15	BHLHA15	ENSG00000180535
ZNF304	ZNF304	ENSG00000131845
BRN2	Brn-2	NA
ZBTB39	ZBTB39	ENSG00000166860
ZNF702	ZNF702	NA
LHX8	Lhx8	ENSG00000162624
NFKB	NF-kappaB	ENSG00000109320
ZNF697	ZNF697	ENSG00000143067
HOXC10TBX21	HOXC10:T-bet	ENSG00000180818:NA
ZNF316	ZNF316	ENSG00000205903
LHX3A	Lhx3a	NA
MAF	MAF	ENSG00000178573
HELIOS	HELIOS	NA
E2F4DP1	E2F-4:DP-1	ENSG00000205250:NA
NKX62	Nkx6-2	ENSG00000148826
ZNF606	ZNF606	ENSG00000166704
ZNF721	ZNF721	ENSG00000182903
BARX1	Barx1	ENSG00000131668
PDEF	PDEF	NA
IRF1	IRF-1	ENSG00000125347
HNF3A	HNF3A	NA
HOXD12EOMES	HOXD12:TBR2	ENSG00000170178:NA
MSC	MSC	ENSG00000178860
POU5F1	Oct3	ENSG00000237582
ZNF835	ZNF835	ENSG00000127903
TEAD4HOXA3	TEF-3:HOXA3	NA:ENSG00000105997
ZNF66	ZNF66	ENSG00000160229
MAFF	MafF	ENSG00000185022
E2F1DP1RB	Rb:E2F-1:DP-1	NA:ENSG00000101412:NA
ZNF708	ZNF708	ENSG00000182141
RREB	RREB-1	ENSG00000124782
TAF1	TAFII250	ENSG00000147133
MEOX2	MEOX2	ENSG00000106511
HOXA913	HOX 9-13	NA
FOXO4	FOXO4	ENSG00000184481
ZNF91	ZNF91	ENSG00000167232
ZNF516	ZNF516	ENSG00000101493
HOXB9	HOXB9	ENSG00000170689
ZNF30	ZNF30	ENSG00000168661
GCM2PITX1	GCMb:pitx1	ENSG00000124827:ENSG00000069011
ZNF286B	ZNF286B	ENSG00000249459
AP2ALPHA	AP-2alpha	ENSG00000137203
FOXN2	FOXN2 secondary motif	ENSG00000170802
ELK1ONECUT2	Elk-1:OC-2	ENSG00000126767:NA
ZNF860	ZNF860	ENSG00000197385
ZNF528	ZNF528	ENSG00000167555
FOXJ3ELF1	foxj3:Elf-1	ENSG00000198815:ENSG00000120690
HOXD12ETV4	HOXD12:PEA3	ENSG00000170178:NA
BCL6B	BCL6B	ENSG00000161940
CDX1	CDX1	ENSG00000113722
BHLHE40	DEC1	ENSG00000134107
ZBTB7C	ZBTB7C	ENSG00000184828
ZNF300	ZNF300	ENSG00000145908
HOXB2PITX1	HOXB2:pitx1	ENSG00000173917:ENSG00000069011
TCF11	TCF11	NA
HOXB13TBX21	HOXB13:T-bet	ENSG00000159184:NA
ZNF541	ZNF541	ENSG00000118156
STAT	STAT	NA
ZNF17	ZNF17	ENSG00000186272
ATF	ATF	NA
CMYB	c-Myb	ENSG00000118513
ZNF426	znf426	ENSG00000130818
HOXD12HOXA3	HOXD12:HOXA3	ENSG00000170178:ENSG00000105997
ZNF679	znf679	ENSG00000197123
RFX2	RFX2	ENSG00000087903
SMAD7	Smad7	ENSG00000101665
HOXB2RFX5	HOXB2:rfx5	ENSG00000173917:ENSG00000143390
ZNF312	ZNF312	NA
ZNF553	ZNF553	NA
AP1FJ	AP-1	NA
LHX3	LHX3	ENSG00000107187
ERFDLX2	ERF:Dlx-2	ENSG00000105722:ENSG00000115844
NR1B1RXRG	NR1B1:RXR-GAMMA	NA:ENSG00000143171
ETF	ETF	NA
TEL2	Tel-2	NA
ZNF680	ZNF680	ENSG00000173041
P54NRB	p54NRB	NA
AREB6	AREB6	NA
NERF	nerf	ENSG00000109381
FEZF1	FEZF1	ENSG00000128610
NURR1	NURR1	ENSG00000153234
AEBP2	aebp2	ENSG00000139154
TEAD4TBX21	TEF-3:T-bet	NA:NA
HMBOX1	HMBOX1	ENSG00000147421
PHOX2B	PHOX2B	ENSG00000109132
ZNF577	ZNF577	ENSG00000161551
ELF	ELF1	ENSG00000120690
NFY	NF-Y	NA
ZNF438	ZNF438	ENSG00000183621
SIX3	Six-3	ENSG00000138083
STAT3STAT3	STAT3:STAT3	ENSG00000168610:ENSG00000168610
INSM2	Insm2	ENSG00000168348
PEA3	PEA3	NA
ZNF823	ZNF823	ENSG00000197933
MEIS1BHOXA9	MEIS1B:HOXA9	NA:ENSG00000078399
ZBTB11	ZBTB11	ENSG00000066422
VENTX	VENTX	ENSG00000151650
NKX25	CSX	NA
OTX1	Otx1	ENSG00000115507
EGR4	EGR4	ENSG00000135625
ZNF565	ZNF565	ENSG00000196357
SPDEF	SPDEF	ENSG00000124664
SOX4	Sox-4	ENSG00000124766
HNF3G	HNF-3gamma	NA
HTF	HTF (XBP1)	NA
TFAP2CE2F8	AP-2gamma:E2F-8	ENSG00000087510:NA
ZNF222	ZNF222	ENSG00000159885
CLOCKNHLH1	CLOCK:HEN1	ENSG00000134852:NA
CUX1FOXO1	CDP:FOXO1A	ENSG00000257923:NA
CNOT3	CNOT3	ENSG00000277615
PAX8	Pax-8	ENSG00000125618
BATF	B-ATF	ENSG00000156127
MAFA	MafA	ENSG00000182759
ETV2RFX5	ER71:rfx5	NA:ENSG00000143390
AIOLOS	Aiolos	NA
TEAD3	TEAD3	ENSG00000007866
ZNF210	ZNF210	NA
ARX	ARX	ENSG00000004848
TFEA	TFEA	NA
MYB	MYB	ENSG00000118513
TBX1	TBX1	ENSG00000184058
ETV2HES7	ER71:HES-7	NA:ENSG00000179111
MEIS1HOXA13	meis1:HOXA13	ENSG00000143995:ENSG00000106031
ZNF782	ZNF782	ENSG00000196597
SOX17	Sox-17	ENSG00000164736
GATA5	GATA5	ENSG00000130700
ZNF770	ZNF770	ENSG00000198146
ZFP62	ZFP62	ENSG00000196670
ZNF175	ZNF175	ENSG00000105497
TFAP2CHES7	AP-2gamma:HES-7	ENSG00000087510:ENSG00000179111
ZXDB	ZXDB	ENSG00000198455
AHR	AhR	ENSG00000106546
HOXA7	HOXA7	ENSG00000122592
USF1	USF1	ENSG00000158773
ERG	ERG	ENSG00000157554
NEUROG2	Ngn-2	ENSG00000178403
PAX5	Pax-5	ENSG00000196092
OLF1	Olf-1	NA
LEF1	LEF-1	ENSG00000138795
NFE2MAF	c-MAF:NF-E2p45	NA:NA
MOK2	MOK-2	NA
TEAD4CLOCK	TEF-3:CLOCK	NA:ENSG00000134852
ZBTB2	zbtb2	ENSG00000181472
CHOP	CHOP:C/EBPalpha	NA:ENSG00000245848
ZSCAN16	ZSCAN16	ENSG00000196812
NKX31	NKX3-1	ENSG00000167034
ZNF499	ZNF499	NA
TEAD4ELF1	TEF-3:Elf-1	NA:ENSG00000120690
PITX2	pitx2	ENSG00000164093
E2F1DP2	E2F-1:DP-2	ENSG00000101412:NA
FOXC2	FOXC2	ENSG00000176692
ZNF234	ZNF234	ENSG00000263002
ZFP37	ZFP-37	ENSG00000136866
PBX1	Pbx-1	ENSG00000185630
ZNF705A	ZNF705A	ENSG00000196946
EFC	RFX1 (EF-C)	NA
ZNF228	ZNF228	NA
JUNFRA2	C-JUN:FRA-2	ENSG00000177606:ENSG00000075426
TBX2RELATED	TBX2RELATED	NA
PARP	PARP	NA
CEBPG	C/EBPgamma	ENSG00000153879
HOXA11	HOXA11	ENSG00000005073
NF1FAMILY	NF-1	ENSG00000196712
POU1F1	POU1F1	ENSG00000064835
ZNF343	ZNF343	ENSG00000088876
PLZF	PLZF	NA
ZAC	ZAC	NA
GCM2MAX	GCMb:Max	ENSG00000124827:ENSG00000125952
MIBP1	MIBP1	NA
ZNF253	ZNF253	ENSG00000256771
CDX2	CDX-2	ENSG00000165556
NR1NR2	RXR, LXR, PXR, CAR, RAR, COUP	NA
XBP1	XBP-1	ENSG00000100219
ZNF331	ZNF331	ENSG00000130844
TBX6	T-box protein 6	ENSG00000149922
ETV5HOXB13	Erm:HOXB13	NA:ENSG00000159184
ZNF392	ZNF392	NA
GSX2	GSX2	ENSG00000180613
ZBTB42	ZBTB42	ENSG00000179627
ZNF788	ZNF788	ENSG00000214189
E2F3FOXO6	E2F-3:FOXO6	ENSG00000112242:ENSG00000281518
HOXB2SPDEF	HOXB2:PDEF	ENSG00000173917:NA
COUPTF1	COUP-TF1	ENSG00000175745
ATF4	ATF-4	ENSG00000128272
ELK1HOXA3	Elk-1:HOXA3	ENSG00000126767:ENSG00000105997
ZNF891	ZNF891	ENSG00000214029
ZNF776	ZNF776	ENSG00000152443
CHCH	Churchill	NA
HOXD12	HOXD12	ENSG00000170178
ZNF181	ZNF181	ENSG00000197841
AML1	AML1	NA
DLX1	Dlx-1	ENSG00000144355
ZNF764	znf764	ENSG00000169951
IRX4	IRX4	ENSG00000113430
EVX2	Evx2	ENSG00000174279
CUX1	CDP	ENSG00000257923
SATB1	SATB1	ENSG00000182568
POU5F1B	POU5F1B	ENSG00000212993
EBF	EBF	NA
ZNF878	ZNF878	ENSG00000257446
ERFHOXB13	ERF:HOXB13	ENSG00000105722:ENSG00000159184
GTF2IRD1	GTF2IRD1-isoform2	ENSG00000006704
TFCP2	TFCP2	ENSG00000135457
ZNF740	ZNF740	ENSG00000139651
NF1	NF-1	ENSG00000196712
HOXB13	HOXB13	ENSG00000159184
ZN337	ZN337	NA
ETV2GSC2	ER71:Gscl	NA:NA
TEAD4PAX5	TEF-3:Pax-5	NA:ENSG00000196092
JUNBFRA2	JUNB:FRA-2	ENSG00000171223:ENSG00000075426
FOXP1	FOXP1	ENSG00000114861
MOX1	Mox1	NA
ZNF367	ZNF367	ENSG00000165244
CHREBP	ChREBP	NA
HNF4	HNF4alpha1	NA
ETSLIKE	ETSLIKE	NA
GCM1PITX1	GCMa:pitx1	NA:ENSG00000069011
NEUROD2	NEUROD2	ENSG00000171532
ETV5CEBPD	Erm:C/EBPdelta	NA:ENSG00000221869
GLIS1	GLIS1	ENSG00000174332
HOXB2ELK3	HOXB2:Net	ENSG00000173917:NA
ALF	ALF	NA
MGA	MGA	ENSG00000174197
HOXD8	HOXD8	ENSG00000175879
SP5	SP5	ENSG00000204335
IK1	Ik-1	NA
ZNF829	ZNF829	ENSG00000185869
HOXB2TCF3	HOXB2:E2A	ENSG00000173917:NA
OLIG2	OLIG2	ENSG00000205927
SOX6TBX21	Sox-6:T-bet	ENSG00000110693:NA
ZNF84	ZNF84	ENSG00000198040
P50	P50	NA
E2F3TBX21	E2F-3:T-bet	ENSG00000112242:NA
CARF	CaRF	ENSG00000138380
ZNF407	ZNF407	ENSG00000215421
TFAP2A	TFAP2A	ENSG00000137203
HINFP	HINFP	ENSG00000172273
HOXB4	HOXB4	ENSG00000182742
ZIPRO1	Zipro1	NA
BARHL2	BARHL2	ENSG00000143032
ZNF132	ZNF132	ENSG00000131849
ZNF96	ZNF96	NA
CREBP1	ATF-2	ENSG00000115966
ELK1PAX9	Elk-1:Pax-9	ENSG00000126767:ENSG00000198807
PNR	PNR	NA
ZNF667	ZNF667	ENSG00000198046
FREAC2	Freac-2	NA
HOXB2EOMES	HOXB2:TBR2	ENSG00000173917:NA
LBX2	Lbx2	ENSG00000179528
ZNF432	ZNF432	ENSG00000256087
GBX2	GBX2	ENSG00000168505
AP3	AP-3	NA
HOXC10	HOXC10	ENSG00000180818
ZNF306	ZNF306	NA
IRXB3	Irx6	ENSG00000159387
TFIII	TFII-I	NA
ZNF419	ZNF419	ENSG00000105136
ZNF643	ZNF643	NA
SMAD2	Smad2	ENSG00000175387
ZNF805	ZNF805	ENSG00000204524
STAT5A	STAT5A (homodimer)	ENSG00000126561
ZNF107	ZNF107	ENSG00000196247
SOX30	sox-30	ENSG00000039600
TFAP2CDRGX	AP-2gamma:Prrxl1	ENSG00000087510:NA
CP2	CP2	NA
RORA2	RORalpha2	NA
ZBTB41	ZBTB41	ENSG00000177888
ZFP2	ZFP2	ENSG00000198939
ZBTB1	ZBTB1	ENSG00000126804
FOXD4L2	FOXD4L2	NA
JUNBFRA1	JUNB:FRA-1	ENSG00000171223:ENSG00000175592
NFAT	NFAT	NA
TIEG1	TIEG1	NA
OCTAMER	BRN1	NA
FOS	c-Fos	ENSG00000170345
ZNF366	ZNF366	ENSG00000178175
TTF1	TTF-1	ENSG00000125482
HNF3B	HNF-3beta	NA
DBX1	Dbx-1	ENSG00000109851
NF1A	NF-1A	ENSG00000162599
ZNF264	ZNF264	ENSG00000083844
ZNF227	ZNF227	ENSG00000131115
DMRT1	DMRT1	ENSG00000137090
ZNF391	ZNF391	ENSG00000124613
CDPCR1	CDP CR1	NA
ZNF276	ZNF276	ENSG00000158805
ZNF342	ZNF342	NA
DMBX1	DMBX1	ENSG00000197587
ERR2	ERR2	NA
TITF1	TTF1 (Nkx2-1)	NA
ZNF215	ZNF215	ENSG00000149054
EVX1	EVX1	ENSG00000106038
GABPA	GABP-alpha	ENSG00000154727
VAX2	VAX2	ENSG00000116035
FOXM1	FOXM1	ENSG00000111206
CTBP1	CtBP1	ENSG00000159692
ISRE	ISGF-3	NA
TEL1	TEL1	NA
SP1SP3	SP1:SP3	ENSG00000185591:ENSG00000172845
BRCA1	BRCA1	ENSG00000012048
ETV4	ETV4	ENSG00000175832
FOXO1ELK3	FOXO1A:Net	NA:NA
SOX11	Sox-11	ENSG00000176887
NFATC3	NFATC3	ENSG00000072736
HOXA2	HOXA2	ENSG00000105996
EWSR1FLI1	EWSR1-FLI1	NA
DR3	VDR, CAR, PXR	NA
E2F4	E2F-4	ENSG00000205250
CPEB1	CPEB1	ENSG00000277445
MEIS2ONECUT2	Meis-2:OC-2	NA:NA
HOX13	HOXA5 (Hox-1.3)	NA
ZBTB7B	ZBTB7B	ENSG00000160685
MEIS1ONECUT2	meis1:OC-2	ENSG00000143995:NA
DRI1	DRI1	NA
ZFP192	ZFP192	NA
HOXD11	HOXD11	ENSG00000128713
NFE2	NF-E2	ENSG00000123405
GCM1ETV4	GCMa:PEA3	NA:NA
PXRRXR	PXR (PXR:RXR)	NA:NA
HOXB13TBX3	HOXB13:Tbx3	ENSG00000159184:ENSG00000135111
TBX5CSX	Tbx5:csx	ENSG00000089225:NA
TEAD4ELK1	TEF-3:Elk-1	NA:ENSG00000126767
CREL	c-Rel	NA
ETV5TCF3	Erm:E2A	NA:NA
PSF	PSF	NA
ZNF578	ZNF578	ENSG00000258405
TRF1	TRF1	NA
TBX19	TBX19	ENSG00000143178
MEIS1AHOXA9	MEIS1A:HOXA9	NA:ENSG00000078399
ZNF705G	ZNF705G	ENSG00000274195
APA1	APA1	NA
TBX20	Tbx20	ENSG00000164532
BTEB2	BTEB2	ENSG00000102554
ZNF566	ZNF566	ENSG00000186017
MEF2	MEF-2	NA
ARNTLPITX1	BMAL1:pitx1	NA:ENSG00000069011
TBX2	TBX2	ENSG00000121068
ELF3	ELF3	ENSG00000163435
MEIS1EOMES	meis1:TBR2	ENSG00000143995:NA
POU2F1GSC2	POU2F1:Gscl	ENSG00000143190:NA
GCM1FIGLA	GCMa:FIGLA	NA:ENSG00000183733
ZNF85	ZNF85	ENSG00000105750
MAFK	MAFK	ENSG00000198517
TFAP4	TFAP4	ENSG00000090447
SMAD1	Smad1	ENSG00000170365
ZNF585A	ZNF585A	ENSG00000196967
ZSCAN5C	ZSCAN5C	ENSG00000204532
ZNF73	ZNF73	NA
ELK1EVX1	Elk-1:EVX1	ENSG00000126767:ENSG00000106038
TP63	TP63	ENSG00000073282
CHOP10	CHOP-10	NA
SP6	Sp6	ENSG00000189120
ZNF35	ZNF35	ENSG00000281306
ZFHX2	ZFHX2	ENSG00000136367
PRRX2	PRRX2	ENSG00000167157
ZNF727	ZNF727	ENSG00000214652
POU3F1	POU3F1	ENSG00000185668
MASH1	MASH-1	NA
CUX2	CUX2	ENSG00000111249
ONECUT1	ONECUT1	ENSG00000169856
MRG2	MRG2	NA
LHX9	Lhx9	ENSG00000143355
ING4	ING4	ENSG00000111653
FKLF	FKLF	NA
ZFX	ZFX	ENSG00000005889
ZNF23	ZNF23	ENSG00000167377
S8	S8	NA
ZNF317	ZNF317	ENSG00000130803
KLF5	BTEB2	ENSG00000102554
ZIM3	ZIM3	ENSG00000141946
ZNF329	ZNF329	ENSG00000181894
ZNF408	Znf408	ENSG00000175213
ZFP92	ZFP92	ENSG00000189420
ZNF674	ZNF674	ENSG00000251192
USF	USF	NA
PMX2A	PMX2A	NA
P50RELAP65	P50:RELA-P65	NA:ENSG00000173039
BRN3C	Brn-3c	NA
ZNF607	znf607	ENSG00000198182
HIF2A	HIF2alpha	NA
ZNF620	ZNF620	ENSG00000177842
LBX1	LBX1	ENSG00000138136
ZNF433	ZNF433	ENSG00000197647
GATA6	GATA-6	ENSG00000141448
MIF1	MIF-1	NA
POLR3A	POLR3A	ENSG00000148606
CTF1	CTF1	ENSG00000150281
HLTF	HLTF	ENSG00000071794
SALL3	SALL3	ENSG00000256463
CETS2	c-ets-2	ENSG00000157557
MEF2D	MEF-2D	ENSG00000116604
NFKAPPAB	NF-kappaB	ENSG00000109320
FOSBJUND	FOSB:JUND	ENSG00000125740:ENSG00000130522
SREBF2	SREBF2	ENSG00000198911
HOXB2TBX3	HOXB2:Tbx3	ENSG00000173917:ENSG00000135111
DLX7	Dlx-7	NA
ZNF619	ZNF619	ENSG00000177873
RUNX3	RUNX3	ENSG00000020633
ZNF709	ZNF709	ENSG00000242852
ZNF470	ZNF470	ENSG00000197016
LXR	LXR: FXR	NA
STAT5B	STAT5B (homodimer)	ENSG00000173757
ZNF584	ZNF584	ENSG00000171574
ZNF572	ZNF572	ENSG00000180938
SC1	SC-1	NA
ARNTLIKE	ARNTLIKE	NA
ZNF836	ZNF836	ENSG00000196267
PPARDR1	PPAR direct repeat 1	NA
HOXD3	HOXD3	ENSG00000128652
ZNF445	ZNF445	ENSG00000283034
SIX2	Six-2	ENSG00000170577
OCT3	Oct3	ENSG00000237582
ZSCAN1	ZSCAN1	ENSG00000152467
ETV5FIGLA	Erm:FIGLA	NA:ENSG00000183733
NFAT1	NFATc2	ENSG00000101096
GLI1	GLI	ENSG00000111087
UNCX	UNCX	ENSG00000164853
ZNF662	ZNF662	ENSG00000182983
ZNF710	ZNF710	ENSG00000140548
ZNF596	ZNF596	ENSG00000172748
TFE	TFE	NA
HAIRYLIKE	HAIRYLIKE	NA
MYBL1HOXA13	A-Myb:HOXA13	NA:ENSG00000106031
RARA	RARA	ENSG00000131759
ETV2TCF3	ER71:E2A	NA:NA
FLI1MAX	Fli-1:Max	ENSG00000151702:ENSG00000125952
ERFFOXO1	ERF:FOXO1A	ENSG00000105722:NA
ZNF649	ZNF649	ENSG00000198093
ALX4TBX21	Alx-4:T-bet	ENSG00000052850:NA
ZNF283	ZNF283	ENSG00000167637
FREAC7	Freac-7	NA
EVI	Evi-1	NA
ATF1	ATF-1	ENSG00000123268
ZNF668	ZNF668	ENSG00000167394
POU6F2	POU6F2	ENSG00000106536
KLF15	KLF15	ENSG00000163884
P53DECAMER	p53 decamer	NA
ZNF625	ZNF625	ENSG00000257591
ZKSCAN3	ZKSCAN3	ENSG00000189298
HOXC10EOMES	HOXC10:TBR2	ENSG00000180818:NA
ZNF613	ZNF613	ENSG00000176024
ELK1TBX21	Elk-1:T-bet	ENSG00000126767:NA
ZNF681	ZNF681	ENSG00000196172
OCT	OCT-x	NA
NFIL3	NFIL3	ENSG00000165030
TFAP2CETV7	AP-2gamma:ETV7	ENSG00000087510:ENSG00000010030
THAP1	thap1	ENSG00000131931
DLX2	DLX2	ENSG00000115844
OLIG3	OLIG3	ENSG00000177468
TBPL2	TBPL2	ENSG00000182521
UNCX41	Uncx-4.1	NA
CUX1NHLH1	CDP:HEN1	ENSG00000257923:NA
HOXD12TBX21	HOXD12:T-bet	ENSG00000170178:NA
ZNFPT1	ZNFpT1	NA
RAX2	RAX2	ENSG00000173976
OTP	OTP	ENSG00000171540
SOX5	Sox-5	ENSG00000134532
STAF	Staf	ENSG00000166478
HIC2	HIC2	ENSG00000169635
TEF5	TEF-5	NA
PEBP2B	PEBP2beta	NA
IK	Ikaros	ENSG00000113141
HLF	HLF	ENSG00000108924
ZNF324	ZNF324	ENSG00000083812
NOTO	NOTO	ENSG00000214513
ZNF397	ZNF397	ENSG00000186812
ERF	ERF	ENSG00000105722
ZNF33A	ZNF33a	ENSG00000189180
MYBL1TBX21	A-Myb:T-bet	NA:NA
PROP1	Prop-1	ENSG00000175325
ZIC5	ZIC5	ENSG00000139800
YY2	YY2	ENSG00000230797
SREZBP	SRE-ZBP	NA
HOXB13EOMES	HOXB13:TBR2	ENSG00000159184:NA
ZNF771	ZNF771	ENSG00000179965
CUX1FOXI1	CDP:FOXI1	ENSG00000257923:ENSG00000168269
ZNF547	ZNF547	ENSG00000152433
E2F1DP1	E2F-1:DP-1	ENSG00000101412:NA
COS52	Cos52	NA
ZNF560	ZNF560	ENSG00000198028
ZNF559	znf559	ENSG00000188321
FOXB1	FOXB1	ENSG00000171956
ELK1SREBF2	Elk-1:SREBP-2	ENSG00000126767:ENSG00000198911
ROAZ	Roaz	NA
HOXD9	Hoxd9	ENSG00000128709
GCM1HOXA13	GCMa:HOXA13	NA:ENSG00000106031
ZNF174	ZNF174	ENSG00000103343
ZNF746	ZNF746	ENSG00000181220
FOXJ2PITX1	FOXJ2:pitx1	ENSG00000065970:ENSG00000069011
NR3C1	GR	ENSG00000113580
HOXB2PAX1	HOXB2:Pax-1	ENSG00000173917:ENSG00000125813
ZNF687	ZNF687	ENSG00000143373
ZNF573	ZNF573	ENSG00000189144
MEIS1DRGX	meis1:Prrxl1	ENSG00000143995:NA
TAXCREB	Tax/CREB	NA
NR1B1	NR1B1	NA
ZNF320	ZNF320	ENSG00000182986
MYOD	MyoD	NA
AIRE	AIRE	ENSG00000160224
ZNF434	znf434	NA
ZBTB18	ZBTB18	ENSG00000179456
ZNF790	ZNF790	ENSG00000197863
GCM2FOXI1	GCMb:FOXI1	ENSG00000124827:ENSG00000168269
JUNFRA1	C-JUN:FRA-1	ENSG00000177606:ENSG00000175592
ZNF699	ZNF699	ENSG00000196110
AMEF2	aMEF-2	NA
ZSCAN2	ZSCAN2	ENSG00000176371
GSX1	GSX1	ENSG00000169840
KLF3	KLF3	ENSG00000109787
ZNF561	ZNF561	ENSG00000171469
AP2	AP-2	NA
ZNF597	ZNF597	ENSG00000167981
HIF1	HIF1	NA
BATF3	BATF3	ENSG00000123685
HOXA10	HOXA10	ENSG00000253293
RP58	RP58	NA
ZNF307	ZNF307	NA
ELK4	ELK4	ENSG00000158711
ZNF789	ZNF789	ENSG00000198556
ZNF651	ZNF651	NA
ETS	c-Ets	NA
PR	PR	NA
DR1	PPAR, HNF-4, COUP, RAR	ENSG00000117505
RFX3SRF	rfx3:SRF	ENSG00000080298:ENSG00000112658
SIRT6	SIRT6	ENSG00000077463
POU2F2	OCT-2	ENSG00000028277
ISX	ISX	ENSG00000175329
ZFP57	ZFP57	ENSG00000234669
ZNF254	ZNF254	ENSG00000213096
ZNF777	ZNF777	ENSG00000196453
SOX2	Sox-2	ENSG00000181449
STAT6	STAT6	ENSG00000166888
ZNF319	ZNF319	ENSG00000166188
SOX10	SOX-10	ENSG00000100146
E4BP4	E4BP4	NA
PAX9	Pax-9	ENSG00000198807
GKLF	GKLF	NA
OZF	OZF	NA
HOXC4	HOXC4	ENSG00000198353
ESRRB	ESRRB	ENSG00000119715
FOXP2	FOXP2	ENSG00000128573
ZNF880	ZNF880	ENSG00000221923
LHX4	Lhx4	ENSG00000121454
ZNF500	ZNF500	ENSG00000103199
CREBP1CJUN	ATF2:c-Jun	ENSG00000115966:ENSG00000177606
EGR3	egr-3	ENSG00000179388
CUX1HOXB13	CDP:HOXB13	ENSG00000257923:ENSG00000159184
ZNF765	ZNF765	ENSG00000196417
EOS	EOS	NA
ZNF626	ZNF626	ENSG00000188171
SHOX2	SHOX2	ENSG00000168779
BCL3	BCL-3	ENSG00000069399
HAND1E47	Hand1:E47	ENSG00000113196:NA
ETV5FOXO1	Erm:FOXO1A	NA:NA
SREBP	SREBP	NA
ZNF230	ZNF230	ENSG00000159882
GATA1	GATA-1	ENSG00000102145
HSF	HSF	NA
FLI1FIGLA	Fli-1:FIGLA	ENSG00000151702:ENSG00000183733
LMX1B	lmx1b	ENSG00000136944
GFI1	Gfi1	ENSG00000162676
ERFHOXA3	ERF:HOXA3	ENSG00000105722:ENSG00000105997
CLOCK	CLOCK	ENSG00000134852
ZNF471	znf471	ENSG00000196263
ETV7TBX21	ETV7:T-bet	ENSG00000010030:NA
ZNF614	ZNF614	ENSG00000142556
HOXB2SOX15	HOXB2:Sox-20	ENSG00000173917:ENSG00000129194
FOXD4L4	FOXD4L4	ENSG00000184659
FLJ20557	FLJ20557	NA
ZNF483	ZNF483	ENSG00000173258
ZNF71	ZNF71	ENSG00000197951
ZNF879	ZNF879	ENSG00000234284
SP4	SP4	ENSG00000105866
HOXB2	HOXB2	ENSG00000173917
PRDM15	PRDM15	ENSG00000141956
P300	p300	ENSG00000100393
SALL1	Sall1	ENSG00000103449
FLI1	FLI-1	ENSG00000151702
COE2	COE2	NA
LBP9	LBP9  (Tcfcp211)	NA
NRIF	NRIF	NA
ZNF83	ZNF83	ENSG00000167766
ARNT	Arnt	ENSG00000143437
TP53	TP53	ENSG00000141510
HSF4	HSF4	ENSG00000102878
FLI1HOXB13	Fli-1:HOXB13	ENSG00000151702:ENSG00000159184
PPARGRXRA	PPARGAMMA:RXR-ALPHA	ENSG00000132170:ENSG00000186350
AP2REP	AP-2rep	NA
IRF	IRF	NA
ERBETA	ER-beta	NA
SNAP190	SNAP190	NA
PAX	Pax	NA
CEBPB	C/EBPbeta	ENSG00000172216
DMRT7	DMRT7	NA
GCM1ONECUT2	GCMa:OC-2	NA:NA
BMAL1CLOCK	BMAL1:CLOCK	NA:ENSG00000134852
ELF5	Elf5	ENSG00000135374
MECP2	MECP2	ENSG00000169057
NKX23	NKX2-3	ENSG00000119919
RBPJK	RBP-Jkappa	NA
FLI1TCF3	Fli-1:E2A	ENSG00000151702:NA
SRY	SRY	ENSG00000184895
TCF1	TCF-1	NA
STAT1	STAT1	ENSG00000115415
PAX4	Pax-4	ENSG00000106331
JUND	JunD	ENSG00000130522
GCM1ERG	GCMa:Erg	NA:ENSG00000157554
REST	REST	ENSG00000084093
IRF8	IRF-8	ENSG00000140968
MEIS1DLX2	meis1:Dlx-2	ENSG00000143995:ENSG00000115844
NKX11	NKX1-1	ENSG00000235608
ZNF266	ZNF266	ENSG00000174652
EAR2	EAR2	NA
PRDM1	Blimp-1	ENSG00000057657
ALX4EOMES	Alx-4:TBR2	ENSG00000052850:NA
MEF2C	MEF-2C	ENSG00000081189
ERFSREBF2	ERF:SREBP-2	ENSG00000105722:ENSG00000198911
HMX1	HMX1	ENSG00000215612
TRIM28	RNF96	ENSG00000130726
HB9	HB9	NA
TEAD4HOXB13	TEF-3:HOXB13	NA:ENSG00000159184
ZNF524	ZNF524	ENSG00000171443
GCM1CEBPB	GCMa:C/EBPbeta	NA:ENSG00000172216
MLXIPL	MLXIPL	ENSG00000009950
BARHL1	Barhl-1	ENSG00000125492
LRF	LRF	ENSG00000178951
BRACH	T (Brachyury)	NA
IK2	Ik-2	NA
NUR77	NUR77	NA
ZNF536	ZNF536	ENSG00000198597
HOXB2ETV1	HOXB2:ER81	ENSG00000173917:NA
ATF2	ATF-2	ENSG00000115966
POU3F4	POU3F4	ENSG00000196767
HNF4ALPHA	HNF4alpha	ENSG00000101076
SMAD3	SMAD3	ENSG00000166949
ZNF548	ZNF548	ENSG00000188785
CKROX	CKROX	NA
RPC155	RPC155	NA
ZNF806	ZNF806	ENSG00000018607
MIZF	MIZF	NA
CHX10	CHX10	NA
CREB3	CREB3	ENSG00000107175
NFKAPPAB65	NF-kappaB (p65)	NA
ZID	ZID	NA
DEC1	DEC1	ENSG00000134107
GMEB2	GMEB2	ENSG00000101216
TAL1ALPHAE47	Tal-1alpha:E47	NA:NA
RELBP52	RelB:p52 (NF-kappaB)	ENSG00000104856:NA
CEBP	C/EBPalpha	ENSG00000245848
CDPCR3HD	CDP CR3+HD	NA
ETV2FIGLA	ER71:FIGLA	NA:ENSG00000183733
ZFP3	ZFP3	ENSG00000180787
NCX	Ncx	NA
LYF1	Lyf-1	NA
TFAP2CDLX3	AP-2gamma:Dlx-3	ENSG00000087510:ENSG00000064195
EOMES	EOMES	ENSG00000163508
IRF2	IRF-2	ENSG00000168310
HOXD1	HOXD1	ENSG00000128645
ESRRG	ESRRG	ENSG00000196482
DMRT2	DMRT2	ENSG00000173253
BRN4	Brn-4	NA
VAX1	VAX1	ENSG00000148704
ZNF517	ZNF517	ENSG00000197363
ETV2SOX15	ER71:Sox-20	NA:ENSG00000129194
PITX1HES7	pitx1:HES-7	ENSG00000069011:ENSG00000179111
TCF7RELATED	TCF7RELATED	NA
PRDM6	PRDM6	ENSG00000061455
RFX3	RFX3	ENSG00000080298
ZNF28	ZNF28	ENSG00000198538
ZNF529	ZNF529	ENSG00000186020
ZNF16	ZNF16	ENSG00000170631
HNF4GAMMA	HNF-4gamma	ENSG00000164749
ZNF530	ZNF530	ENSG00000183647
RXRRAR	RXR:RAR	NA:NA
ZNF280B	ZNF280B	ENSG00000275004
PROX1	Prox-1	ENSG00000117707
GCM2DLX3	GCMb:Dlx-3	ENSG00000124827:ENSG00000064195
ZNF285	ZNF285	ENSG00000267508
ERFONECUT2	ERF:OC-2	ENSG00000105722:NA
KLF14	KLF14	ENSG00000266265
HDAC2	hdac2	ENSG00000196591
GCM1HOXB13	GCMa:HOXB13	NA:ENSG00000159184
ETV3	etv3	ENSG00000117036
P73	P73	NA
ZNF273	ZNF273	ENSG00000198039
SIX4	six-4	ENSG00000100625
CLOCKFIGLA	CLOCK:FIGLA	ENSG00000134852:ENSG00000183733
ZNF542	ZNF542	NA
FIZ1	FIZ1	ENSG00000179943
ZNF415	ZNF415	ENSG00000170954
CUX1SOX15	CDP:Sox-20	ENSG00000257923:ENSG00000129194
MESP1	MESP1	ENSG00000166823
ZNF554	ZNF554	ENSG00000172006
KLF8	KLF8	ENSG00000102349
ZSCAN5B	ZSCAN5B	ENSG00000197213
ZNF322A	ZNF322A	NA
RFX3HES7	rfx3:HES-7	ENSG00000080298:ENSG00000179111
KOX1	Kox1	NA
POU2F1ETV1	POU2F1:ER81	ENSG00000143190:NA
ZNF440	znf440	ENSG00000171295
PKNOX2	PKNOX2	ENSG00000165495
DLX3	Dlx-3	ENSG00000064195
ESE1	ESE-1	NA
PRRX1	PRRX1	ENSG00000116132
GAF	GAF	NA
ZNF439	znf439	ENSG00000171291
DEC	DEC	NA
ATF4TEF	ATF-4:TEF	ENSG00000128272:ENSG00000167074
SNAI2	slug	ENSG00000019549
MATH1	MATH1	NA
ZNF716	ZNF716	ENSG00000182111
NRSE	NRSE	NA
ZNF302	znf302	ENSG00000089335
FOXR1	FOXR1 secondary motif	ENSG00000281277
MAZR	MAZR	NA
FOXN4	Foxn4	ENSG00000139445
ZNF140	ZNF140	ENSG00000196387
LIM1	Lim-1	NA
RFX3ETV7	rfx3:ETV7	ENSG00000080298:ENSG00000010030
ZBTB49	ZBTB49	ENSG00000168826
HIF1A	HIF-1alpha	ENSG00000100644
HOXB8	HOXB8	ENSG00000120068
ERR3	ERR3	NA
FOXO6	FOXO6	ENSG00000281518
CETS1P54	c-Ets-1(p54)	NA
TBR1	Tbr-1	ENSG00000136535
ABL1	ABL1	ENSG00000097007
NFAT2	NFATc1	ENSG00000131196
ERFMAX	ERF:Max	ENSG00000105722:ENSG00000125952
ZEB	ZEB	NA
TEAD4SPIB	TEF-3:Spi-B	NA:ENSG00000269404
ZFP202	ZFP202	NA
FOSL1	Fra-1	ENSG00000175592
SP9	SP9	ENSG00000217236
RLF	RLF	ENSG00000117000
TEAD4ETV1	TEF-3:ER81	NA:NA
NFMUE1	NF-muE1	NA
TBX21	TBX21	ENSG00000073861
BARX2	Barx-2	ENSG00000043039
ZFP14	ZFP14	ENSG00000142065
ZNF76	ZNF76	ENSG00000065029
CPBP	CPBP	NA
TEF	TEF	ENSG00000167074
ZNF675	ZNF675	ENSG00000197372
HOXD12FIGLA	HOXD12:FIGLA	ENSG00000170178:ENSG00000183733
ZNF75CP	ZNF75CP	NA
HOXA6	HOXA6	ENSG00000106006
EBF1	EBF1	ENSG00000164330
E2F8	E2F8	ENSG00000129173
EHF	EHF	ENSG00000135373
ELK1ETV7	Elk-1:ETV7	ENSG00000126767:ENSG00000010030
PRDM10	PRDM10	ENSG00000170325
ATF3	ATF3	ENSG00000162772
BTEB3	BTEB3	NA
PBX4HOXA10	PBX4:HOXA10	ENSG00000105717:ENSG00000253293
SCRT2	SCRT2	ENSG00000215397
BCLAF1	BCLAF1	ENSG00000029363
PLAG1	PLAG1	ENSG00000181690
ZNF813	ZNF813	ENSG00000198346
RUNX2	AML3	ENSG00000124813
CUX1FOXO6	CDP:FOXO6	ENSG00000257923:ENSG00000281518
ZNF711	ZNF711	ENSG00000147180
FOXP3	FOXP3	ENSG00000049768
GLI2	GLI2	ENSG00000074047
NKX61	Nkx6A	NA
MLX	MLX	ENSG00000108788
FIGLA	FIGLA	ENSG00000183733
HKR2	HKR2	NA
ZNF837	ZNF837	ENSG00000152475
PITX1FIGLA	pitx1:FIGLA	ENSG00000069011:ENSG00000183733
TEAD4MAX	TEF-3:Max	NA:ENSG00000125952
NKX24	Nkx2-4	ENSG00000125816
ZNF157	ZNF157	ENSG00000147117
CART1	Cart-1	NA
ZNF284	ZNF284	ENSG00000186026
COUPTF	COUPTF	NA
E2F3ONECUT2	E2F-3:OC-2	ENSG00000112242:NA
TBET	T-bet	NA
MXI1	Mxi1	ENSG00000119950
HOXB2TBX21	HOXB2:T-bet	ENSG00000173917:NA
NKX12	NKX1-2	ENSG00000229544
FOXO1	FOXO1	ENSG00000150907
GCNF	GCNF	NA
VBP	VBP	NA
ETV5HOXA2	Erm:HOXA2	NA:ENSG00000105996
TBX15	TBX15	ENSG00000092607
GSC	GSC	ENSG00000133937
POU2F1SOX2	POU2F1:Sox-2	ENSG00000143190:ENSG00000181449
CHREB	ChREBP	NA
FLI1CEBPB	Fli-1:C/EBPbeta	ENSG00000151702:ENSG00000172216
FOXG1	FOXG1	ENSG00000176165
DEAF1	DEAF1	ENSG00000177030
ZNF169	ZNF169	ENSG00000175787
ZNF669	ZNF669	ENSG00000188295
HOXB2ETV7	HOXB2:ETV7	ENSG00000173917:ENSG00000010030
MEIS1BHOXA9PBX1A	Meis1b:Hoxa9:Pbx1a	NA:ENSG00000078399:NA
HOXD12ELK1	HOXD12:Elk-1	ENSG00000170178:ENSG00000126767
GCM2DLX2	GCMb:Dlx-2	ENSG00000124827:ENSG00000115844
NKX3A	Nkx3A	NA
HOXD10	HOXD10	ENSG00000128710
ZNF543	ZNF543	ENSG00000178229
GLI3	GLI3	ENSG00000106571
IRX5	Irx5	ENSG00000176842
E2F3	E2F-3	ENSG00000112242
ZNF404	ZNF404	ENSG00000176222
HOMEZ	Homez	ENSG00000215271
ZNF670	znf670	ENSG00000277462
ZBTB12	ZBTB12	ENSG00000206366
CEBPA	CEBPA	ENSG00000245848
TBX3	Tbx3	ENSG00000135111
OLIG1	OLIG1	ENSG00000184221
ZNF682	ZNF682	ENSG00000197124
PAX3	Pax-3	ENSG00000135903
KLF13	KLF13	ENSG00000275746
CHD2	CHD2	ENSG00000173575
IRF7	IRF-7	ENSG00000185507
E2F1HES7	E2F-1:HES-7	ENSG00000101412:ENSG00000179111
HOXC13	HOXC13	ENSG00000123364
ZNF784	ZNF784	ENSG00000179922
FXRIR1	FXR inverted repeat 1	NA
JUN	c-Jun	ENSG00000177606
ZNF33B	ZNF33b	ENSG00000196693
ZNF121	ZNF121	ENSG00000197961
RFX4	RFX4	ENSG00000111783
ZBTB5	Zbtb5	ENSG00000168795
ETV5EOMES	Erm:TBR2	NA:NA
ESRRA	ESRRA	ENSG00000173153
STRA13	Stra13	NA
HBP1	hbp1	ENSG00000283847
ZNF772	ZNF772	ENSG00000197128
LHX5	Lhx5	ENSG00000089116
HDX	Hdx	ENSG00000165259
HOXC5	HOXC5	ENSG00000172789
ETV2EOMES	ER71:TBR2	NA:NA
TCF12	HTF4	ENSG00000140262
FEV	FEV	ENSG00000163497
OSX	Osx	NA
ZNF133	ZNF133	ENSG00000125846
SP3	Sp3	ENSG00000172845
SOX15	Sox-15	ENSG00000129194
TRPS1	TRPS1	ENSG00000104447
ZNF325	ZNF325	NA
GBX1	Gbx1	ENSG00000164900
ETS2	c-Ets-2	ENSG00000157557
SOX6	Sox-6	ENSG00000110693
ZNF441	ZNF441	ENSG00000197044
CEBPGCREB3L1	C/EBPgamma:OASIS	ENSG00000153879:NA
ERFDLX3	ERF:Dlx-3	ENSG00000105722:ENSG00000064195
ZNF506	ZNF506	ENSG00000081665
BRN3B	Brn-3b	ENSG00000151615
ZNF490	ZNF490	ENSG00000188033
TCF3	TCF3	ENSG00000071564
HIC1	HIC1	ENSG00000177374
FOXO1A	FOXO1A	NA
ZNF41	ZNF41	ENSG00000147124
SPZ1	Spz1	ENSG00000164299
ZIC4	ZIC4	ENSG00000174963
ETV2NHLH1	ER71:HEN1	NA:NA
BACH1	Bach1	ENSG00000156273
FOXO1ETV4	FOXO1A:PEA3	NA:NA
NR3C2	NR3C2	ENSG00000151623
PITX1	PITX1	ENSG00000069011
ZNF362	ZNF362	ENSG00000160094
NR2F1	COUP-TF1	ENSG00000175745
REX1	REX1	NA
HOXB2ESRRB	HOXB2:ERR2	ENSG00000173917:NA
ETV2CLOCK	ER71:CLOCK	NA:ENSG00000134852
E2F3FOXI1	E2F-3:FOXI1	ENSG00000112242:ENSG00000168269
NR1B2	NR1B2	NA
MAX	MAX	ENSG00000125952
DUX4	DUX4	ENSG00000283949
ZNF735	ZNF735	ENSG00000223614
TBR2	TBR2	NA
ERFFOXI1	ERF:FOXI1	ENSG00000105722:ENSG00000168269
NFAT3	NFATc4	ENSG00000100968
ZNF676	ZNF676	ENSG00000196109
MNX1	MNX1	ENSG00000130675
ZNF791	ZNF791	ENSG00000173875
FLI1ONECUT2	Fli-1:OC-2	ENSG00000151702:NA
ZNF90	ZNF90	ENSG00000213988
MYBL2	MYBL2	ENSG00000101057
ZNF778	ZNF778	ENSG00000170100
ETV5HOXA13	Erm:HOXA13	NA:ENSG00000106031
MYBL1EOMES	A-Myb:TBR2	NA:NA
OCT4	Oct-4 (POU5F1)	NA
ZEB1	ZEB1	ENSG00000148516
POU2F3	POU2F3	ENSG00000137709
ZNF688	ZNF688	ENSG00000229809
FOXD4L3	FOXD4L3	ENSG00000187559
MMEF2	MEF-2A	ENSG00000068305
ZNF114	ZNF114	ENSG00000178150
ZNF138	ZNF138	ENSG00000197008
NOR1	NOR1	NA
TEAD4ALX4	TEF-3:Alx-4	NA:ENSG00000052850
FOXO1HOXB13	FOXO1A:HOXB13	NA:ENSG00000159184
NFKB2	NFKB2	ENSG00000077150
ZNF766	ZNF766	ENSG00000196214
ERM	Erm	NA
CUX1TBX21	CDP:T-bet	ENSG00000257923:NA
LMX1A	LMX1A	ENSG00000162761
HOXA1	HOXA1	ENSG00000105991
ZNF729	ZNF729	ENSG00000196350
CJUN	C-Jun	ENSG00000177606
ZNF730	ZNF730	ENSG00000183850
SMAD8	Smad8	NA
TAL1GATA1	TAL1::GATA1	ENSG00000162367:NA:ENSG00000102145
GCM2TEF	GCMb:TEF	ENSG00000124827:ENSG00000167074
HOXB3	HOXB3	ENSG00000120093
ZNF717	ZNF717	ENSG00000227124
COUPTF2	COUP-TF2	NA
ZNF742	ZNF742	NA
ZNF844	ZNF844	ENSG00000223547
POU2F1ELK1	POU2F1:Elk-1	ENSG00000143190:ENSG00000126767
GSH2	GSH2	NA
ETV2PITX1	ER71:pitx1	NA:ENSG00000069011
TEAD4ETV7	TEF-3:ETV7	NA:ENSG00000010030
T3RALPHA	T3R-alpha	NA
MRF4	MRF4	NA
ESX1	ESX1	ENSG00000123576
NR2F6	NR2F6	ENSG00000160113
TFAP4FLI1	AP-4:Fli-1	NA:ENSG00000151702
HOXB13ETV1	HOXB13:ER81	ENSG00000159184:NA
CIZ	CIZ	NA
ZNF555	ZNF555	ENSG00000186300
PBX4HOXA1	PBX4:HOXA1	ENSG00000105717:ENSG00000105991
ZNF567	znf567	ENSG00000189042
GCM1NHLH1	GCMa:HEN1	NA:NA
TEAD4	TEAD4	ENSG00000197905
ZNF211	ZNF211	ENSG00000121417
TFAP2CMAX	AP-2gamma:Max	ENSG00000087510:ENSG00000125952
DRGX	DRGX	ENSG00000165606
TFAP2CHOXB13	AP-2gamma:HOXB13	ENSG00000087510:ENSG00000159184
FRA2	Fra-2	ENSG00000075426
ZNF235	ZNF235	ENSG00000159917
ETV2DLX3	ER71:Dlx-3	NA:ENSG00000064195
PRDM16	MEL1	ENSG00000142611
FOXE3	FOXE3	ENSG00000186790
FOXJ2	FOXJ2	ENSG00000065970
ZIM2	ZIM2	ENSG00000269699
FOXJ3TBX21	foxj3:T-bet	ENSG00000198815:NA
ZNF580	znf580	ENSG00000213015
ZASC1	ZASC1	NA
DRRS	DRRS	NA
ELF4	ELF4	ENSG00000102034
GIOT1	GIOT-1	NA
ZNF260	ZNF260	ENSG00000254004
ZNF705F	ZNF705F	NA
HNF4DR1	HNF4 direct repeat 1	NA
ZNF579	ZNF579	ENSG00000218891
ZNF621	ZNF621	ENSG00000172888
ZNF585B	znf585B	ENSG00000245680
ZNF34	ZNF34	ENSG00000196378
GCM1ELK3	GCMa:Net	NA:NA
ETS1	c-Ets-1	ENSG00000134954
TEAD4ESRRB	TEF-3:ERR2	NA:NA
ELK1FOXI1	Elk-1:FOXI1	ENSG00000126767:ENSG00000168269
NEUROD	NeuroD	NA
HFH4	HFH4 (FOXJ1)	NA
GABPBETA	GABP-beta	NA
MEIS1DLX3	meis1:Dlx-3	ENSG00000143995:ENSG00000064195
TCF17	TCF17	NA
ELK3	ELK3	ENSG00000111145
ZNF22	ZNF22	ENSG00000165512
ZFY	ZFY	ENSG00000067646
THRB	THRB	ENSG00000151090
JDP2	JDP2	ENSG00000140044
ARNTL	ARNTL	ENSG00000133794
SMC3	SMC-3	ENSG00000108055
SREBF1	SREBP-1	ENSG00000072310
ER	ER	NA
SALL2	SALL2	ENSG00000165821
SNA	SNA	NA
ZFP281	Zfp281	NA
ETV2DRGX	ER71:Prrxl1	NA:NA
ZNF223	ZNF223	ENSG00000178386
TEAD4SPDEF	TEF-3:PDEF	NA:NA
ID4	ID4	ENSG00000172201
ZNF410	ZNF410	ENSG00000119725
TGIF2	TGIF2	ENSG00000118707
GATA	GATA	NA
ETV2	ETV2	ENSG00000105672
GCM1SPDEF	GCMa:PDEF	NA:NA
ZBTB8B	ZBTB8B	ENSG00000273274
TEF1	TEF-1	ENSG00000167074
HOXB2ELF1	HOXB2:Elf-1	ENSG00000173917:ENSG00000120690
NRF1	NRF-1	ENSG00000106459
ZNF160	ZNF160	ENSG00000170949
GATA2	GATA-2	ENSG00000179348
TGIF2LX	TGIF2LX	ENSG00000153779
ZNF184	ZNF184	ENSG00000096654
GCM2HES7	GCMb:HES-7	ENSG00000124827:ENSG00000179111
PEBP	PEBP	NA
TEAD4ELK3	TEF-3:Net	NA:NA
SIP1	SIP1	NA
JUNBFOS	JUNB:C-FOS	ENSG00000171223:ENSG00000170345
ZNF286	ZNF286	NA
THRA	THRA	ENSG00000126351
TEAD4CEBPB	TEF-3:C/EBPbeta	NA:ENSG00000172216
MGAEVX1	MGA:EVX1	ENSG00000174197:ENSG00000106038
ZNF37A	ZNF37A	ENSG00000075407
FLI1ETV7	Fli-1:ETV7	ENSG00000151702:ENSG00000010030
ZNF491	ZNF491	ENSG00000177599
NRSF	NRSF	NA
POU2F1	POU2F1	ENSG00000143190
TEAD4HES7	TEF-3:HES-7	NA:ENSG00000179111
MYF6	MYF-6	ENSG00000111046
ARNTLBHLHA15	BMAL1:BHLHA15	NA:ENSG00000180535
JUNB	JunB	ENSG00000171223
DMRT3	DMRT3	ENSG00000064218
FAC1	FAC1	NA
ATF6	ATF6	ENSG00000118217
MEIS2	Meis2	ENSG00000134138
SOX7	Sox-7	ENSG00000171056
FOXO1HOXA10	FOXO1A:HOXA10	NA:ENSG00000253293
PBX4	PBX4	ENSG00000105717
PITX1TBX21	pitx1:T-bet	ENSG00000069011:NA
HOXB2PAX5	HOXB2:Pax-5	ENSG00000173917:ENSG00000196092
OC2	OC-2	NA
PAX2	Pax-2	ENSG00000075891
PRDM5	PRDM5	ENSG00000138738
AP2BETA	AP-2beta	NA
GCM1	GCM1	ENSG00000137270
ER81	ER81	NA
CMAF	c-MAF	NA
HEY2	HEY2	ENSG00000135547
ZNF135	ZNF135	ENSG00000176293
FPM315	FPM315 (ZNF263)	ENSG00000006194
ZNF658	ZNF658	ENSG00000274349
ZNF780A	ZNF780A	ENSG00000280568
TCF11MAFG	TCF11:MafG	NA:ENSG00000197063
TFAP4MAX	AP-4:Max	NA:ENSG00000125952
LTF	LTF	ENSG00000012223
GCM1FOXO1	GCMa:FOXO1A	NA:NA
KROX	KROX	NA
ZNF646	znf646	ENSG00000167395
HOXB13ONECUT2	HOXB13:OC-2	ENSG00000159184:NA
CT53	CT53	NA
ZNF544	ZNF544	ENSG00000198131
ICSBP	ICSBP	NA
SOX14	Sox-14	ENSG00000168875
KLF7	KLF7	ENSG00000118263
ZNF568	ZNF568	ENSG00000198453
ZER6	ZER6	NA
TEAD4EOMES	TEF-3:TBR2	NA:NA
PITX1HOXA3	pitx1:HOXA3	ENSG00000069011:ENSG00000105997
E47	E47	NA
ZNF556	ZNF556	ENSG00000172000
ZFP90	ZFP90	ENSG00000184939
CENPB	CENPB	ENSG00000125817
COE1	COE1	ENSG00000164330
SIX6	Six-6	ENSG00000184302
TR4	TR4	ENSG00000177463
FOXL1	FOXL1	ENSG00000176678
IRF9	IRF9	ENSG00000213928
TBX22	TBX22	ENSG00000122145
SOX1	Sox-1	ENSG00000182968
ZNF75	ZNF75	NA
ZBTB38	ZBTB38	ENSG00000177311
TBX10	tbx10	ENSG00000167800
FOSL2	Fra-2	ENSG00000075426
ZNF581	znf581	ENSG00000171425
ZNF610	ZNF610	ENSG00000167554
TORC2	TORC2	NA
PEG3	PEG3	ENSG00000198300
HIF1AARNT	HIF1A:ARNT	ENSG00000100644:ENSG00000143437
ZBTB26	ZBTB26	ENSG00000171448
SP8	SP8	ENSG00000164651
AHRHIF	AhR, Arnt, HIF-1	NA
ZNF99	ZNF99	ENSG00000213973
HFH3	HFH3 (FOXI1)	NA
HES1	HES-1	ENSG00000114315
RORC	RORGAMMA	ENSG00000143365
ZNF339	ZNF339	NA
ZNF21	ZNF21	NA
ELK1PAX1	Elk-1:Pax-1	ENSG00000126767:ENSG00000125813
TCF7L2	TCF-4	ENSG00000148737
E2F3EOMES	E2F-3:TBR2	ENSG00000112242:NA
ZNF549	ZNF549	ENSG00000121406
VSX2	VSX2	ENSG00000119614
FOXO1ETV7	FOXO1A:ETV7	NA:ENSG00000010030
ZFP206	ZFP206	NA
ZNF664	ZNF664	ENSG00000179195
ETV5DLX2	Erm:Dlx-2	NA:ENSG00000115844
CDC5	Cdc5	NA
APAK	Apak	NA
RXRG	RXRG	ENSG00000143171
TFE3	TFE3	ENSG00000068323
ZNF652	ZNF652	ENSG00000198740
ZNF550	ZNF550	ENSG00000251369
JUNBFOSB	JUNB:FOSB	ENSG00000171223:ENSG00000125740
ZNF574	ZNF574	ENSG00000105732
ZNF814	ZNF814	ENSG00000204514
BATFJUN	c-Jun:B-ATF	ENSG00000177606:ENSG00000156127
MEF2B	MEF-2B	ENSG00000213999
SOX21	Sox-21	ENSG00000125285
ZNF627	ZNF627	ENSG00000198551
ZNF826	ZNF826	NA
ZNF562	ZNF562	ENSG00000171466
ZNF501	ZNF501	ENSG00000281661
CUX1PITX1	CDP:pitx1	ENSG00000257923:ENSG00000069011
ETV5FOXI1	Erm:FOXI1	NA:ENSG00000168269
ZNF484	ZNF484	ENSG00000127081
HDAC1	HDAC1	ENSG00000116478
PITX1EOMES	pitx1:TBR2	ENSG00000069011:NA
EN1	En-1	ENSG00000163064
OTX3	Otx3	NA
PPARA	PPARA	ENSG00000186951
ZNF496	ZNF496	ENSG00000162714
TST1	Tst-1	NA
FOXD4L5	FOXD4L5	ENSG00000204779
BDP1	BDP1	ENSG00000145734
ZKSCAN1	ZKSCAN1	ENSG00000106261
HES7	HES-7	ENSG00000179111
ZNF615	ZNF615	ENSG00000197619
ZNF586	ZNF586	ENSG00000083828
TEAD4RFX5	TEF-3:rfx5	NA:ENSG00000143390
ETV2PAX5	ER71:Pax-5	NA:ENSG00000196092
ZNF460	ZNF460	ENSG00000197714
MEIS1MAX	meis1:Max	ENSG00000143995:ENSG00000125952
TEAD4TCF3	TEF-3:E2A	NA:NA
SCRT1	SCRT1	ENSG00000261678
HOXA3EOMES	HOXA3:TBR2	ENSG00000105997:NA
PMX1	PMX1	NA
HOXB2HOXB13	HOXB2:HOXB13	ENSG00000173917:ENSG00000159184
SLUG	slug	ENSG00000019549
HOXD12ETV1	HOXD12:ER81	ENSG00000170178:NA
ZFP	ZFP	NA
DLX4	Dlx-4	ENSG00000108813
ETV7	ETV7	ENSG00000010030
ZNF785	ZNF785	ENSG00000197162
ZNF383	znf383	ENSG00000188283
E2F2	E2F2	ENSG00000282899
HOXB2NHLH1	HOXB2:HEN1	ENSG00000173917:NA
TEAD4GATA3	TEF-3:GATA-3	NA:ENSG00000107485
ZNF671	ZNF671	ENSG00000083814
LHX6	LHX6	ENSG00000106852
ZNF773	ZNF773	ENSG00000152439
GCMB	GCMb	ENSG00000124827
ZNF683	ZNF683	ENSG00000176083
NFATC1	NFATc1	ENSG00000131196
STAT1STAT1	STAT1:STAT1	ENSG00000115415:ENSG00000115415
ZEC	Zec	NA
ZNF761	ZNF761	ENSG00000160336
EBOX	Ebox	NA
ZNF358	ZNF358	ENSG00000198816
HMX2	HMX2	ENSG00000188816
GCM1ETV7	GCMa:ETV7	NA:ENSG00000010030
ZNF695	ZNF695	ENSG00000197472
RBAK	RBAK	ENSG00000146587
ZNF8	znf8	ENSG00000278129
E2F3DRGX	E2F-3:Prrxl1	ENSG00000112242:NA
FOXA1	HNF-3alpha	ENSG00000129514
ETV2TEF	ER71:TEF	NA:ENSG00000167074
NFYC	NF-YC	ENSG00000066136
POU3F3	POU3F3	ENSG00000198914
ZNF225	ZNF225	ENSG00000256294
OVOL	OVOL	NA
EZI	EZI	NA
LXRDR4	LXR direct repeat 4	NA
LMAF	LMAF	NA
ZNF736	ZNF736	ENSG00000234444
ETV2HOXB13	ER71:HOXB13	NA:ENSG00000159184
ZNF700	ZNF700	ENSG00000196757
REVERBALPHA	Rev-ErbAaLPHA	NA
P50P50	P50:P50	NA:NA
ZNF513	ZNF513	ENSG00000163795
ZNF213	ZNF213	ENSG00000085644
ZNF658B	znf658b	ENSG00000198416
AHRARNT	AhR:Arnt	ENSG00000106546:ENSG00000143437
ETV2SPDEF	ER71:PDEF	NA:NA
FOXJ2ELF1	FOXJ2:Elf-1	ENSG00000065970:ENSG00000120690
RXRPXR	RXR:PXR	NA:ENSG00000144852
T3R	T3R	NA
ZNF525	ZNF525	ENSG00000203326
ZBED1	ZBED1	ENSG00000214717
ZIC3	Zic3	ENSG00000156925
DAX1	DAX1	NA
GSC2	GSC2	ENSG00000063515
VDRRXRA	VDR:RXR-ALPHA	ENSG00000111424:ENSG00000186350
GCM2E2F8	GCMb:E2F-8	ENSG00000124827:NA
SPI1	PU.1	ENSG00000066336
FOXO1FLI1	FOXO1A:Fli-1	NA:ENSG00000151702
ZNF20	ZNF-20	ENSG00000132010
K2B	K-2b	NA
HNF6	HNF-6	NA
ZNF526	ZNF526	ENSG00000167625
FOXO3A	FOXO3A	NA
ZNF641	ZNF641	ENSG00000167528
SHOX	SHOX	ENSG00000185960
ZFPM1	ZFPM1	ENSG00000179588
GCM2TBX21	GCMb:T-bet	ENSG00000124827:NA
NRF2	Nrf-2	NA
MYBL1MAX	A-Myb:Max	NA:ENSG00000125952
ERFPITX1	ERF:pitx1	ENSG00000105722:ENSG00000069011
TFIIIA	TFIIIA	NA
ZNF502	ZNF502	ENSG00000281448
KID3	Kid3	NA
ZNF19	ZNF19	ENSG00000157429
NHLH1	NHLH1	ENSG00000171786
ZNF677	ZNF677	ENSG00000197928
ZNF436	ZNF436	ENSG00000283009
ZNF551	ZNF551	ENSG00000204519
GCM2HOXA13	GCMb:HOXA13	ENSG00000124827:ENSG00000106031
ZNF616	ZNF616	ENSG00000204611
DEC2	DEC2	NA
MYBL1	MYBL1	ENSG00000185697
EGR2	EGR2	ENSG00000122877
NKX28	NKX2-8	ENSG00000136327
CGBP	CXXC1	ENSG00000154832
FREAC4	Freac-4	NA
ZNF563	ZNF563	ENSG00000188868
KLF17	KLF17	ENSG00000171872
ARP1	ARP-1 (COUP-TF2)	NA
ZNF690	ZNF690	NA
ZNF689	ZNF689	ENSG00000156853
TEAD4SOX15	TEF-3:Sox-20	NA:ENSG00000129194
DELTAEF1	deltaEF1	NA
AFP1	AFP1	NA
ERFCEBPD	ERF:C/EBPdelta	ENSG00000105722:ENSG00000221869
SIX5	Six-5	ENSG00000177045
ZNF587	znf587	ENSG00000198466
CREBATF	CREB, ATF	NA
TEAD4ONECUT2	TEF-3:OC-2	NA:NA
IRF3	IRF3	ENSG00000126456
GCM2DRGX	GCMb:Prrxl1	ENSG00000124827:NA
MYBL1FIGLA	A-Myb:FIGLA	NA:ENSG00000183733
ZNF355P	ZNF355P	ENSG00000168122
FOXJ3	FOXJ3	ENSG00000198815
ETV2SREBF2	ER71:SREBP-2	NA:ENSG00000198911
NRL	NRL	ENSG00000129535
ZNF575	ZNF575	ENSG00000176472
GSH1	gsh-1	NA
POU4F1	POU4F1	ENSG00000152192
HMGA2	HMGI-C	ENSG00000149948
ZNF3	ZNF3	ENSG00000166526
NFKB1	NF-kappaB	ENSG00000109320
ETV5CLOCK	Erm:CLOCK	NA:ENSG00000134852
TEAD4PITX1	TEF-3:pitx1	NA:ENSG00000069011
MGADLX2	MGA:Dlx-2	ENSG00000174197:ENSG00000115844
PRDM14	PRDM14	ENSG00000147596
SPIB	Spi-B	ENSG00000269404
ZSCAN4	ZSCAN4	ENSG00000180532
ZNF845	ZNF845	ENSG00000213799
CTIP2	CTIP-2	NA
ZNF599	ZNF599	ENSG00000153896
CREB1	CREB1	ENSG00000118260
ZNF718	ZNF718	ENSG00000250312
ZNF705D	ZNF705D	ENSG00000215343
MEIS1EVX1	meis1:EVX1	ENSG00000143995:ENSG00000106038
VDRRXRALPHA	VDR:RXR-alpha	ENSG00000111424:ENSG00000186350
MYOGNF1	myogenin / NF-1	NA
RELA	RelA-p65	ENSG00000173039
PBX	Pbx	ENSG00000185630
ZNF189	ZNF189	ENSG00000136870
ZNF200	ZNF200	ENSG00000010539
JUNDFRA2	JUND:FRA-2	ENSG00000130522:ENSG00000075426
TFEC	TFEC	ENSG00000105967
FOXD2	FOXD2	ENSG00000186564
ZFP64	zfp64	ENSG00000020256
POU2F1HOXB13	POU2F1:HOXB13	ENSG00000143190:ENSG00000159184
ZNF497	ZNF497	ENSG00000174586
FKHL5	FKHL5	NA
FXR	FXR	NA
ZNF485	ZNF485	ENSG00000198298
ZNF382	ZNF382	ENSG00000161298
ZNF236	ZNF236	ENSG00000130856
ZNF808	ZNF808	ENSG00000198482
GZF1	GZF1	ENSG00000125812
GTF3C2	TF3C-beta	ENSG00000115207
CEBPGELF1	C/EBPgamma:Elf-1	ENSG00000153879:ENSG00000120690
TBP	TBP	ENSG00000112592
FOXI1	FOXI1	ENSG00000168269
ZNF177	ZNF177	ENSG00000188629
ZNF248	ZNF248	ENSG00000198105
PITX	PITX	NA
TFAP4DLX3	AP-4:Dlx-3	NA:ENSG00000064195
SZF1	SZF1	NA
ESR1	ESR1	ENSG00000091831
HOXC9	HOXC9	ENSG00000180806
POU2F1ETV4	POU2F1:PEA3	ENSG00000143190:NA
ELK1HOXA1	Elk-1:HOXA1	ENSG00000126767:ENSG00000105991
TFAP2CONECUT2	AP-2gamma:OC-2	ENSG00000087510:NA
ZNF224	ZNF224	ENSG00000267680
ZNF792	ZNF792	ENSG00000180884
OSF2	Osf2	NA
HOXA5	HOXA5	ENSG00000106004
BACH2	Bach2	ENSG00000112182
HELIOSA	Helios A	NA
SOX	SOX	NA
ZNF394	ZNF394	ENSG00000160908
GCM2ELK1	GCMb:Elk-1	ENSG00000124827:ENSG00000126767
RFX3FIGLA	rfx3:FIGLA	ENSG00000080298:ENSG00000183733
PAX7	PAX-7	ENSG00000009709
FOXO1ELF1	FOXO1A:Elf-1	NA:ENSG00000120690
ETV2DLX2	ER71:Dlx-2	NA:ENSG00000115844
PKNOX1	PKNOX1	ENSG00000160199
ZNF514	ZNF514	ENSG00000144026
ISL1	islet1	ENSG00000016082
ZNF212	ZNF212	ENSG00000170260
HOXB7	HOXB7	ENSG00000260027
ZNF141	ZNF141	ENSG00000131127
FOXL2	FOXL2	ENSG00000183770
MIXL1	MIXL1	ENSG00000185155
ETV2ONECUT2	ER71:OC-2	NA:NA
ZNF195	ZNF195	ENSG00000005801
ZIC2	Zic2	ENSG00000043355
TFAP4ETV4	AP-4:PEA3	NA:NA
AML	AML	NA
E2F7	E2F7	ENSG00000165891
ETV1	ETV1	ENSG00000006468
DUX3	DUX3	NA
GCM2	GCMb	ENSG00000124827
ZSCAN18	ZSCAN18	ENSG00000121413
BRF1	BRF-1	ENSG00000185024
CUX1SRF	CDP:SRF	ENSG00000257923:ENSG00000112658
PRD51	PRD51	NA
GCM1ETV1	GCMa:ER81	NA:NA
ETV2EVX1	ER71:EVX1	NA:ENSG00000106038
NFYB	NF-YB	ENSG00000120837
ZNF45	ZNF45	ENSG00000124459
ZBTB20	ZBTB20	ENSG00000181722
NFE2L2	NFE2L2	ENSG00000116044
HOXA3PAX5	HOXA3:Pax-5	ENSG00000105997:ENSG00000196092
E2F3HES7	E2F-3:HES-7	ENSG00000112242:ENSG00000179111
HEN2	HEN2	NA
SMAD2SMAD3SMAD4	Smad2:Smad3:Smad4	ENSG00000175387:ENSG00000166949:ENSG00000141646
ZNF57	ZNF57	ENSG00000171970
BEN	BEN	NA
PRX2	Prx2	NA
ZNF69	ZNF69	ENSG00000198429
ZBTB44	Zbtb44	ENSG00000196323
ZNF134	ZNF134	ENSG00000213762
E12	E12	NA
GCM1SOX2	GCMa:Sox-2	NA:ENSG00000181449
ZNF70	ZNF70	ENSG00000187792
HKR1	HKR1	ENSG00000181666
BRCA	BRCA1:USF2	ENSG00000012048:ENSG00000105698
TFAP2C	AP-2gamma	ENSG00000087510
ETV5EVX1	Erm:EVX1	NA:ENSG00000106038
CREB3L1	CREB3L1	ENSG00000157613
DMRT4	DMRT4	NA
ZNF333	ZNF333	ENSG00000160961
TBX4	TBX4	ENSG00000121075
MEIS3	MEIS3	ENSG00000105419
ETV2TBX21	ER71:T-bet	NA:NA
ZNF786	ZNF786	ENSG00000197362
ZNF519	ZNF519	ENSG00000175322
MITF	MITF	ENSG00000187098
ZNF345	ZNF345	ENSG00000251247
ATF7	ATF7	ENSG00000170653
HFH8	HFH8 (FOXF1A)	NA
ZNF774	ZNF774	ENSG00000196391
RUSH1A	RUSH-1alpha	NA
HOXB2ELK1	HOXB2:Elk-1	ENSG00000173917:ENSG00000126767
ZNF26	ZNF26	ENSG00000198393
ALX3	Alx3	ENSG00000156150
GCM1TBX21	GCMa:T-bet	NA:NA
ZNF14	ZNF14	ENSG00000105708
ZNF417	znf417	ENSG00000173480
HOXC12	HOXC12	ENSG00000123407
NGFIC	NGFI-C	NA
ETV2FOXO6	ER71:FOXO6	NA:ENSG00000281518
RFX5	rfx5	ENSG00000143390
RXRA	RXRalpha	ENSG00000186350
ZNF442	ZNF442	ENSG00000198342
GABP	GABP	NA
ZNF507	ZNF507	ENSG00000168813
NKX22	NKX2B	NA
ZNF429	ZNF429	ENSG00000197013
TEAD4FIGLA	TEF-3:FIGLA	NA:ENSG00000183733
ZNF430	ZNF430	ENSG00000118620
BMAL1	BMAL1	NA
GRE	GR	ENSG00000113580
RNF96	RNF96	ENSG00000130726
ZBTB4	ZBTB4	ENSG00000283868
ERFFIGLA	ERF:FIGLA	ENSG00000105722:ENSG00000183733
PU1	PU.1	ENSG00000066336
IK3	Ik-3	NA
NR4A2	NR4A2	ENSG00000153234
NFAT4	NFATc3	ENSG00000072736
ZNF665	ZNF665	ENSG00000197497
CFOS	C-Fos	ENSG00000170345
ZNF454	ZNF454	ENSG00000178187
ZNF267	znf267	ENSG00000185947
DPRX	DPRX	ENSG00000204595
BRN1	BRN1	NA
HOXA13	HOXA13	ENSG00000106031
